33,"12/2/2021, 1:49:29 PM",1,"camion_articulado_I",2657,242.300527191945,"leftright_topbottom",29.811314307887738
37,"12/2/2021, 1:49:29 PM",2,"camion_articulado_I",2657,235.30484646876604,"leftright_topbottom",37.121879580853424
95,"12/2/2021, 1:49:30 PM","1der","automovil",2670,323.45502767717744,"rightleft_bottomtop",61.391017504447625
103,"12/2/2021, 1:49:30 PM","2der","automovil",2670,315.76389846093,"rightleft_bottomtop",52.134330845090936
108,"12/2/2021, 1:49:30 PM",1,"automovil",2671,236.97613244420336,"leftright_topbottom",35.135709055629384
111,"12/2/2021, 1:49:31 PM",2,"automovil",2671,235.2348027634232,"leftright_topbottom",37.19192328619624
135,"12/2/2021, 1:49:31 PM",1,"automovil",2666,247.89055165624833,"leftright_topbottom",24.22128984358441
141,"12/2/2021, 1:49:31 PM",2,"automovil",2666,225,"leftright_topbottom",47.42672604961946
152,"12/2/2021, 1:49:31 PM","1der","automovil",2678,326.133999210647,"rightleft_bottomtop",64.06998903791717
154,"12/2/2021, 1:49:31 PM","2der","automovil",2678,315,"rightleft_bottomtop",51.37043238416095
157,"12/2/2021, 1:49:32 PM",1,"automovil",2673,233.84181456019166,"leftright_topbottom",38.27002693964106
161,"12/2/2021, 1:49:32 PM",2,"automovil",2673,230.86960044301472,"leftright_topbottom",41.55712560660475
206,"12/2/2021, 1:49:33 PM","1der","tp_foraneo",2683,333.7052099294161,"rightleft_bottomtop",71.64119975668632
207,"12/2/2021, 1:49:33 PM",1,"camion_articulado_I",2677,234.24611274556327,"leftright_topbottom",37.86572875426948
208,"12/2/2021, 1:49:33 PM","2der","tp_foraneo",2683,335.4870141933307,"rightleft_bottomtop",71.85744657749166
209,"12/2/2021, 1:49:33 PM",2,"camion_articulado_I",2677,215.6045339804331,"leftright_topbottom",56.82219206918635
248,"12/2/2021, 1:49:34 PM","1der","automovil",2687,326.24548280546287,"rightleft_bottomtop",64.18147263273303
250,"12/2/2021, 1:49:34 PM","2der","automovil",2687,315,"rightleft_bottomtop",51.37043238416095
263,"12/2/2021, 1:49:34 PM","1der","pickup",2689,326.7124723110875,"rightleft_bottomtop",64.64846213835767
265,"12/2/2021, 1:49:34 PM","2der","pickup",2689,312.18444331578877,"rightleft_bottomtop",48.55487569994972
274,"12/2/2021, 1:49:34 PM","1der","automovil",2690,325.93381678575577,"rightleft_bottomtop",63.86980661302596
276,"12/2/2021, 1:49:34 PM","2der","automovil",2690,314.4093427853533,"rightleft_bottomtop",50.779775169514274
337,"12/2/2021, 1:49:36 PM",1,"automovil",2694,242.81888891452277,"leftright_topbottom",29.292952585309955
341,"12/2/2021, 1:49:36 PM",2,"automovil",2694,238.34872711328737,"leftright_topbottom",34.07799893633208
367,"12/2/2021, 1:49:36 PM","1der","camion_unitario",2696,318.1363583683326,"rightleft_bottomtop",56.072348195602764
369,"12/2/2021, 1:49:36 PM","1der","automovil",2697,320.3009265165257,"rightleft_bottomtop",58.23691634379586
371,"12/2/2021, 1:49:36 PM","2der","camion_unitario",2696,303.146995832256,"rightleft_bottomtop",39.51742821641694
374,"12/2/2021, 1:49:36 PM","2der","automovil",2697,303.3885135761115,"rightleft_bottomtop",39.75894596027245
393,"12/2/2021, 1:49:37 PM","1der","automovil",2699,325.54806541814213,"rightleft_bottomtop",63.4840552454123
398,"12/2/2021, 1:49:37 PM","2der","automovil",2699,301.13897243697886,"rightleft_bottomtop",37.509404821139796
417,"12/2/2021, 1:49:37 PM","1der","pickup",2701,326.9544828024931,"rightleft_bottomtop",64.89047262976325
420,"12/2/2021, 1:49:37 PM","2der","pickup",2701,312.55295135767636,"rightleft_bottomtop",48.923383741837334
432,"12/2/2021, 1:49:38 PM","1der","automovil",2702,327.6756658483959,"rightleft_bottomtop",65.61165567566607
436,"12/2/2021, 1:49:38 PM","2der","automovil",2702,307.1847064532331,"rightleft_bottomtop",43.555138837394075
453,"12/2/2021, 1:49:38 PM","1der","pickup",2705,320.5484662937181,"rightleft_bottomtop",58.484456120988234
456,"12/2/2021, 1:49:38 PM","2der","pickup",2705,303.05582281155364,"rightleft_bottomtop",39.42625519571461
462,"12/2/2021, 1:49:38 PM",1,"automovil",2704,242.04903097210982,"leftright_topbottom",30.06281052772292
465,"12/2/2021, 1:49:38 PM",2,"automovil",2704,236.88865803962798,"leftright_topbottom",35.53806800999148
468,"12/2/2021, 1:49:39 PM","1der","automovil",2706,320.24181994697955,"rightleft_bottomtop",58.177809774249724
471,"12/2/2021, 1:49:39 PM","2der","automovil",2706,304.2157021324374,"rightleft_bottomtop",40.58613451659835
478,"12/2/2021, 1:49:39 PM","1der","automovil",2707,327.2224160868808,"rightleft_bottomtop",65.15840591415098
481,"12/2/2021, 1:49:39 PM","2der","automovil",2707,314.58780725859765,"rightleft_bottomtop",50.95823964275863
493,"12/2/2021, 1:49:39 PM","1der","automovil",2709,327.20911975849623,"rightleft_bottomtop",65.1451095857664
496,"12/2/2021, 1:49:39 PM","2der","automovil",2709,315,"rightleft_bottomtop",51.37043238416095
503,"12/2/2021, 1:49:39 PM","1der","camion_articulado_I",2710,343.0338518914638,"rightleft_bottomtop",80.96984171873397
504,"12/2/2021, 1:49:39 PM","2der","camion_articulado_I",2710,341.8405095332132,"rightleft_bottomtop",78.21094191737419
511,"12/2/2021, 1:49:39 PM","1der","automovil",2711,328.0456370629486,"rightleft_bottomtop",65.98162689021878
514,"12/2/2021, 1:49:40 PM","2der","automovil",2711,314.1815445383114,"rightleft_bottomtop",50.551976922472335
596,"12/2/2021, 1:49:41 PM",1,"automovil",2718,242.81888891452277,"leftright_topbottom",29.292952585309955
600,"12/2/2021, 1:49:41 PM",2,"automovil",2718,238.2664808465837,"leftright_topbottom",34.16024520303575
636,"12/2/2021, 1:49:42 PM",1,"camion_unitario",2723,244.29004621918875,"leftright_topbottom",27.821795280644004
639,"12/2/2021, 1:49:42 PM",2,"camion_unitario",2723,232.46519085612144,"leftright_topbottom",39.96153519349804
650,"12/2/2021, 1:49:43 PM","1der","automovil",2729,318.33091738045005,"rightleft_bottomtop",56.26690720772022
652,"12/2/2021, 1:49:43 PM",1,"automovil",2725,228.81407483429035,"leftright_topbottom",43.29776666554238
653,"12/2/2021, 1:49:43 PM","2der","automovil",2729,303.84534026107167,"rightleft_bottomtop",40.21577264523265
655,"12/2/2021, 1:49:43 PM",2,"automovil",2725,224.683451952727,"leftright_topbottom",47.74327409689246
682,"12/2/2021, 1:49:43 PM",1,"automovil",2731,233.53076560994813,"leftright_topbottom",38.5810758898846
684,"12/2/2021, 1:49:43 PM",2,"automovil",2731,231.10277965365577,"leftright_topbottom",41.323946395963674
694,"12/2/2021, 1:49:44 PM",1,"automovil",2733,236.659292653523,"leftright_topbottom",35.452548846309746
697,"12/2/2021, 1:49:44 PM",2,"automovil",2733,232.90716270295846,"leftright_topbottom",39.519563346661
699,"12/2/2021, 1:49:44 PM",1,"automovil",2728,242.10272896905238,"leftright_topbottom",30.00911253078037
704,"12/2/2021, 1:49:44 PM",2,"automovil",2728,231.20344790169185,"leftright_topbottom",41.22327814792763
775,"12/2/2021, 1:49:45 PM",1,"automovil",2737,240.94539590092285,"leftright_topbottom",31.16644559890988
779,"12/2/2021, 1:49:46 PM",2,"automovil",2737,236.91514707126504,"leftright_topbottom",35.51157897835443
780,"12/2/2021, 1:49:46 PM","1der","tp_camion",2740,326.8643904512811,"rightleft_bottomtop",64.8003802785513
783,"12/2/2021, 1:49:46 PM","2der","tp_camion",2740,312.0891621738323,"rightleft_bottomtop",48.45959455799319
826,"12/2/2021, 1:49:47 PM","1der","van",2744,333.1942116702002,"rightleft_bottomtop",71.13020149747038
829,"12/2/2021, 1:49:47 PM","2der","van",2744,302.7352262721076,"rightleft_bottomtop",39.105658656268545
835,"12/2/2021, 1:49:47 PM",1,"automovil",2742,243.83843355798075,"leftright_topbottom",28.273407941851975
838,"12/2/2021, 1:49:47 PM",2,"automovil",2742,231.0724564072077,"leftright_topbottom",41.35426964241176
879,"12/2/2021, 1:49:48 PM","1der","automovil",2751,321.1027796536558,"rightleft_bottomtop",59.03876948092595
884,"12/2/2021, 1:49:48 PM","2der","automovil",2751,301.8907918018457,"rightleft_bottomtop",38.26122418600666
896,"12/2/2021, 1:49:48 PM","1der","camion_unitario",2753,331.504361381755,"rightleft_bottomtop",69.44035120902518
899,"12/2/2021, 1:49:48 PM","2der","camion_unitario",2753,308.02723071397355,"rightleft_bottomtop",44.39766309813448
924,"12/2/2021, 1:49:49 PM",1,"automovil",2752,244.17900802581073,"leftright_topbottom",27.932833474022022
929,"12/2/2021, 1:49:49 PM",2,"automovil",2752,238.73626830562256,"leftright_topbottom",33.69045774399688
949,"12/2/2021, 1:49:49 PM",1,"automovil",2757,230.01311375503582,"leftright_topbottom",42.09872774479694
952,"12/2/2021, 1:49:49 PM",2,"automovil",2757,226.25445162268153,"leftright_topbottom",46.172274426937925
954,"12/2/2021, 1:49:49 PM",1,"automovil",2756,242.10272896905238,"leftright_topbottom",30.00911253078037
959,"12/2/2021, 1:49:50 PM",2,"automovil",2756,227.8341110163065,"leftright_topbottom",44.59261503331295
1005,"12/2/2021, 1:49:51 PM","1der","pickup",2765,327.2647737278924,"rightleft_bottomtop",65.20076355516257
1008,"12/2/2021, 1:49:51 PM","2der","pickup",2765,299.7448812969422,"rightleft_bottomtop",36.115313681103174
1019,"12/2/2021, 1:49:51 PM","1der","automovil",2769,316.54815769897795,"rightleft_bottomtop",54.484147526248144
1021,"12/2/2021, 1:49:51 PM","2der","automovil",2769,316.4688007143858,"rightleft_bottomtop",52.83923309854677
1068,"12/2/2021, 1:49:52 PM",1,"camion_articulado_I",2766,243.01976928177714,"leftright_topbottom",29.092072218055588
1071,"12/2/2021, 1:49:52 PM",2,"camion_articulado_I",2766,194.5344550805401,"leftright_topbottom",77.89227096907935
1077,"12/2/2021, 1:49:52 PM","1der","automovil",2772,321.63251461513846,"rightleft_bottomtop",59.56850444240863
1081,"12/2/2021, 1:49:52 PM","2der","automovil",2772,302.0053832080835,"rightleft_bottomtop",38.37581559224444
1099,"12/2/2021, 1:49:53 PM","1der","automovil",2774,322.73359809902286,"rightleft_bottomtop",60.669587926293026
1103,"12/2/2021, 1:49:53 PM","2der","automovil",2774,300.65066795705286,"rightleft_bottomtop",37.02110034121382
1229,"12/2/2021, 1:49:56 PM",1,"motocicleta",2781,242.65012421993012,"leftright_topbottom",29.46171727990262
1235,"12/2/2021, 1:49:56 PM",2,"motocicleta",2781,239.42077312751098,"leftright_topbottom",33.00595292210848
1247,"12/2/2021, 1:49:56 PM","1der","automovil",2784,323.2099014383707,"rightleft_bottomtop",61.14589126564086
1251,"12/2/2021, 1:49:56 PM","2der","automovil",2784,304.1596945456694,"rightleft_bottomtop",40.53012692983038
1333,"12/2/2021, 1:49:58 PM",1,"automovil",2787,242.10272896905238,"leftright_topbottom",30.00911253078037
1338,"12/2/2021, 1:49:58 PM",2,"automovil",2787,236.12146019489035,"leftright_topbottom",36.30526585472911
1349,"12/2/2021, 1:49:58 PM","1der","automovil",2791,319.66187309523883,"rightleft_bottomtop",57.597862922508995
1352,"12/2/2021, 1:49:58 PM","2der","automovil",2791,302.9977051012163,"rightleft_bottomtop",39.36813748537724
1448,"12/2/2021, 1:50:01 PM",1,"automovil",2795,230.82634202955578,"leftright_topbottom",41.28549947027696
1451,"12/2/2021, 1:50:01 PM",1,"automovil",2796,239.62087398863167,"leftright_topbottom",32.49096751120108
1452,"12/2/2021, 1:50:01 PM",2,"automovil",2795,228.4238712449307,"leftright_topbottom",44.00285480468878
1456,"12/2/2021, 1:50:01 PM",2,"automovil",2796,236.08256946302964,"leftright_topbottom",36.34415658658981
1467,"12/2/2021, 1:50:01 PM","1der","automovil",2800,326.0295312239805,"rightleft_bottomtop",63.96552105125065
1469,"12/2/2021, 1:50:01 PM","2der","automovil",2800,310.71712153475386,"rightleft_bottomtop",47.087553918914814
1517,"12/2/2021, 1:50:02 PM","1der","automovil",2805,317.33730585912383,"rightleft_bottomtop",55.27329568639399
1519,"12/2/2021, 1:50:02 PM","1der","automovil",2806,326.8963580502674,"rightleft_bottomtop",64.83234787753759
1520,"12/2/2021, 1:50:02 PM","2der","automovil",2805,304.5085229876684,"rightleft_bottomtop",40.878955371829356
1520,"12/2/2021, 1:50:02 PM","2der","automovil",2806,318.2776759521903,"rightleft_bottomtop",54.64810833635123
1539,"12/2/2021, 1:50:03 PM","1der","automovil",2808,321.1701750950296,"rightleft_bottomtop",59.106164922299776
1542,"12/2/2021, 1:50:03 PM",1,"automovil",2804,241.29404745659892,"leftright_topbottom",30.817794043233828
1542,"12/2/2021, 1:50:03 PM","2der","automovil",2808,303.5110187978408,"rightleft_bottomtop",39.88145118200174
1545,"12/2/2021, 1:50:03 PM",2,"automovil",2804,239.8756820016388,"leftright_topbottom",32.55104404798066
1603,"12/2/2021, 1:50:04 PM","1der","camion_articulado_I",2814,350.78897345918335,"rightleft_bottomtop",88.7249632864535
1605,"12/2/2021, 1:50:04 PM","2der","camion_articulado_I",2814,329.03624346792645,"rightleft_bottomtop",65.40667585208743
1609,"12/2/2021, 1:50:04 PM","1der","automovil",2816,315.51616422976485,"rightleft_bottomtop",53.45215405703501
1614,"12/2/2021, 1:50:04 PM","2der","automovil",2816,301.1849746587384,"rightleft_bottomtop",37.55540704289933
1624,"12/2/2021, 1:50:05 PM","1der","automovil",2818,319.0856167799749,"rightleft_bottomtop",57.02160660724505
1629,"12/2/2021, 1:50:05 PM","2der","automovil",2818,301.8907918018457,"rightleft_bottomtop",38.26122418600666
1659,"12/2/2021, 1:50:05 PM","1der","pickup",2823,318.0940580589171,"rightleft_bottomtop",56.030047886187276
1663,"12/2/2021, 1:50:05 PM","2der","pickup",2823,303.146995832256,"rightleft_bottomtop",39.51742821641694
1702,"12/2/2021, 1:50:06 PM","1der","automovil",2827,315,"rightleft_bottomtop",52.93598982727017
1706,"12/2/2021, 1:50:06 PM","2der","automovil",2827,303.146995832256,"rightleft_bottomtop",39.51742821641694
1724,"12/2/2021, 1:50:07 PM","1der","automovil",2832,322.93555037008883,"rightleft_bottomtop",60.87154019735899
1727,"12/2/2021, 1:50:07 PM",1,"automovil",2826,234.323591778138,"leftright_topbottom",37.788249721694726
1728,"12/2/2021, 1:50:07 PM","2der","van",2832,302.2756443145776,"rightleft_bottomtop",38.646076698738575
1730,"12/2/2021, 1:50:07 PM",2,"automovil",2826,230.5993393365206,"leftright_topbottom",41.827386713098896
1762,"12/2/2021, 1:50:08 PM",1,"camion_unitario",2829,246.13982480865764,"leftright_topbottom",25.972016691175074
1765,"12/2/2021, 1:50:08 PM",2,"camion_unitario",2829,203.7203955723046,"leftright_topbottom",68.70633047731486
1776,"12/2/2021, 1:50:08 PM","1der","pickup",2835,319.56322975423785,"rightleft_bottomtop",57.49921958150802
1779,"12/2/2021, 1:50:08 PM","2der","pickup",2835,302.9386905429555,"rightleft_bottomtop",39.30912292711645
1806,"12/2/2021, 1:50:09 PM","1der","automovil",2838,318.73139699916044,"rightleft_bottomtop",56.66738682643062
1810,"12/2/2021, 1:50:09 PM","2der","automovil",2838,302.3998401739193,"rightleft_bottomtop",38.77027255808028
1851,"12/2/2021, 1:50:10 PM","1der","automovil",2842,320.3797015991254,"rightleft_bottomtop",58.31569142639558
1855,"12/2/2021, 1:50:10 PM","2der","automovil",2842,304.38034472384487,"rightleft_bottomtop",40.75077710800581
1858,"12/2/2021, 1:50:10 PM",1,"automovil",2840,243.97040780848653,"leftright_topbottom",28.141433691346194
1861,"12/2/2021, 1:50:10 PM",2,"automovil",2840,238.27639704231598,"leftright_topbottom",34.15032900730348
1884,"12/2/2021, 1:50:10 PM",1,"automovil",2843,232.0283962389496,"leftright_topbottom",40.08344526088313
1886,"12/2/2021, 1:50:10 PM",2,"automovil",2843,228.27048792318357,"leftright_topbottom",44.156238126435895
1892,"12/2/2021, 1:50:11 PM",1,"van",2841,246.3706222693432,"leftright_topbottom",25.741219230489552
1898,"12/2/2021, 1:50:11 PM",2,"tp_van",2841,225,"leftright_topbottom",47.42672604961946
1915,"12/2/2021, 1:50:11 PM","1der","automovil",2847,317.17474411461006,"rightleft_bottomtop",55.11073394188023
1917,"12/2/2021, 1:50:11 PM","2der","automovil",2847,316.04162667600997,"rightleft_bottomtop",52.412059060170925
1932,"12/2/2021, 1:50:12 PM",1,"automovil",2844,244.29004621918875,"leftright_topbottom",27.821795280644004
1938,"12/2/2021, 1:50:12 PM",2,"automovil",2844,240.1409838350769,"leftright_topbottom",32.28574221454256
1957,"12/2/2021, 1:50:12 PM","1der","pickup",2851,319.6986805172994,"rightleft_bottomtop",57.634670344569614
1960,"12/2/2021, 1:50:12 PM","2der","pickup",2851,304.7778313663639,"rightleft_bottomtop",41.14826375052482
1986,"12/2/2021, 1:50:13 PM",1,"camion_articulado_I",2848,236.30993247402023,"leftright_topbottom",35.80190902581252
1988,"12/2/2021, 1:50:13 PM",2,"camion_articulado_I",2848,224.09061955080085,"leftright_topbottom",48.336106498818594
2041,"12/2/2021, 1:50:14 PM",1,"pickup",2855,246.80140948635182,"leftright_topbottom",25.310432013480927
2046,"12/2/2021, 1:50:14 PM",2,"pickup",2855,224.29268063145574,"leftright_topbottom",48.13404541816372
2058,"12/2/2021, 1:50:14 PM","1der","pickup",2859,325.00797980144137,"rightleft_bottomtop",62.943969628711514
2064,"12/2/2021, 1:50:14 PM","2der","pickup",2859,302.5740571345725,"rightleft_bottomtop",38.94448951873346
2091,"12/2/2021, 1:50:15 PM",1,"automovil",2857,243.434948822922,"leftright_topbottom",28.676892676910732
2096,"12/2/2021, 1:50:15 PM",2,"automovil",2857,231.63251461513846,"leftright_topbottom",40.79421143448099
2128,"12/2/2021, 1:50:16 PM",1,"automovil",2863,227.04540848888723,"leftright_topbottom",45.0664330109455
2131,"12/2/2021, 1:50:16 PM",2,"automovil",2863,226.33221985386965,"leftright_topbottom",46.09450619574982
2160,"12/2/2021, 1:50:17 PM",1,"camion_unitario",2865,237.80426606528675,"leftright_topbottom",34.30757543454599
2166,"12/2/2021, 1:50:17 PM",2,"camion_unitario",2865,228.91824886406738,"leftright_topbottom",43.50847718555208
2176,"12/2/2021, 1:50:17 PM",1,"automovil",2870,228.50353164478446,"leftright_topbottom",43.608309855048276
2179,"12/2/2021, 1:50:17 PM",2,"automovil",2870,225.53545898556453,"leftright_topbottom",46.89126706405494
2200,"12/2/2021, 1:50:18 PM",1,"camion_unitario",2869,245.37643521383637,"leftright_topbottom",26.73540628599635
2207,"12/2/2021, 1:50:18 PM",2,"camion_unitario",2869,230.71059313749964,"leftright_topbottom",41.71613291211982
2215,"12/2/2021, 1:50:18 PM","1der","automovil",2875,316.56506908559226,"rightleft_bottomtop",54.501058912862426
2215,"12/2/2021, 1:50:18 PM","2der","motocicleta",2878,314.2151753970081,"rightleft_bottomtop",50.58560778116906
2218,"12/2/2021, 1:50:18 PM","2der","automovil",2875,303.4762782961027,"rightleft_bottomtop",39.846710680263605
2266,"12/2/2021, 1:50:19 PM",1,"automovil",2873,242.35402463626133,"leftright_topbottom",29.757816863571417
2270,"12/2/2021, 1:50:19 PM",1,"automovil",2879,227.81555668421123,"leftright_topbottom",44.29628481562151
2273,"12/2/2021, 1:50:19 PM",2,"automovil",2879,227.5857943424245,"leftright_topbottom",44.84093170719497
2274,"12/2/2021, 1:50:19 PM",2,"automovil",2873,232.25319461272534,"leftright_topbottom",40.17353143689412
2286,"12/2/2021, 1:50:19 PM","1der","camion_articulado_I",2884,343.9509952074668,"rightleft_bottomtop",81.88698503473697
2288,"12/2/2021, 1:50:20 PM","2der","camion_articulado_I",2884,339.001280965613,"rightleft_bottomtop",75.37171334977393
2315,"12/2/2021, 1:50:20 PM","1der","automovil",2886,326.4889812021592,"rightleft_bottomtop",64.42497102942937
2317,"12/2/2021, 1:50:20 PM","2der","automovil",2886,313.3445134608807,"rightleft_bottomtop",49.71494584504164
2324,"12/2/2021, 1:50:20 PM",1,"camion_unitario",2882,244.39781244855823,"leftright_topbottom",27.71402905127451
2324,"12/2/2021, 1:50:20 PM","1der","van",2887,326.93815049450484,"rightleft_bottomtop",64.874140321775
2327,"12/2/2021, 1:50:20 PM","2der","van",2887,302.1249984403875,"rightleft_bottomtop",38.49543082454848
2328,"12/2/2021, 1:50:20 PM",2,"camion_unitario",2882,204.62356478616363,"leftright_topbottom",67.80316126345585
2361,"12/2/2021, 1:50:21 PM","1der","automovil",2890,318.4336303624505,"rightleft_bottomtop",56.369620189720685
2363,"12/2/2021, 1:50:21 PM","2der","automovil",2890,304.89496363496204,"rightleft_bottomtop",41.26539601912299
2432,"12/2/2021, 1:50:23 PM","1der","pickup",2895,322.76516601842536,"rightleft_bottomtop",60.70115584569551
2436,"12/2/2021, 1:50:23 PM","2der","pickup",2895,300.80144597613685,"rightleft_bottomtop",37.171878360297775
2448,"12/2/2021, 1:50:23 PM",1,"automovil",2893,246.644435140714,"leftright_topbottom",25.467406359118744
2451,"12/2/2021, 1:50:23 PM",2,"automovil",2893,233.58362148011395,"leftright_topbottom",38.84310456950551
2477,"12/2/2021, 1:50:24 PM","1der","tp_foraneo",2898,325.73889710090543,"rightleft_bottomtop",63.67488692817562
2481,"12/2/2021, 1:50:24 PM","2der","tp_foraneo",2898,308.43730149106256,"rightleft_bottomtop",44.80773387522348
2522,"12/2/2021, 1:50:25 PM","1der","camion_unitario",2901,308.5169263071028,"rightleft_bottomtop",46.45291613437294
2526,"12/2/2021, 1:50:25 PM","2der","camion_unitario",2901,301.4295656148385,"rightleft_bottomtop",37.79999799899946
2537,"12/2/2021, 1:50:25 PM","1der","camion_unitario",2903,334.29004621918875,"rightleft_bottomtop",72.22603604645892
2539,"12/2/2021, 1:50:25 PM","1der","pickup",2904,326.30993247402023,"rightleft_bottomtop",64.24592230129039
2541,"12/2/2021, 1:50:25 PM","2der","camion_unitario",2903,297.75854060106,"rightleft_bottomtop",34.12897298522097
2542,"12/2/2021, 1:50:25 PM","2der","pickup",2904,314.47436539354237,"rightleft_bottomtop",50.844797777703334
2589,"12/2/2021, 1:50:26 PM","1der","pickup",2905,328.3924977537511,"rightleft_bottomtop",66.32848758102126
2593,"12/2/2021, 1:50:26 PM","2der","pickup",2905,300.1916229609576,"rightleft_bottomtop",36.56205534511855
2614,"12/2/2021, 1:50:27 PM","1der","automovil",2907,325.89872580575286,"rightleft_bottomtop",63.83471563302302
2616,"12/2/2021, 1:50:27 PM","2der","automovil",2907,315.73452103425484,"rightleft_bottomtop",52.104953418415754
2634,"12/2/2021, 1:50:27 PM",1,"camion_unitario",2906,244.39781244855823,"leftright_topbottom",27.71402905127451
2637,"12/2/2021, 1:50:27 PM",2,"camion_unitario",2906,220.87240829748828,"leftright_topbottom",51.554317752131176
2649,"12/2/2021, 1:50:28 PM",1,"automovil",2909,243.434948822922,"leftright_topbottom",28.676892676910732
2654,"12/2/2021, 1:50:28 PM",2,"automovil",2909,236.74563342528796,"leftright_topbottom",35.68109262433151
2676,"12/2/2021, 1:50:28 PM",1,"camion_unitario",2910,243.94650468950906,"leftright_topbottom",28.16533681032368
2680,"12/2/2021, 1:50:28 PM",2,"camion_unitario",2910,211.2930389959202,"leftright_topbottom",61.133687053699276
2697,"12/2/2021, 1:50:29 PM",1,"automovil",2912,241.8583987677383,"leftright_topbottom",30.25344273209445
2700,"12/2/2021, 1:50:29 PM",2,"automovil",2912,237.0613094570445,"leftright_topbottom",35.36541659257496
2708,"12/2/2021, 1:50:29 PM","1der","camion_unitario",2917,337.7509763427876,"rightleft_bottomtop",75.68696617005781
2712,"12/2/2021, 1:50:29 PM","2der","camion_unitario",2917,297.75854060106,"rightleft_bottomtop",34.12897298522097
2733,"12/2/2021, 1:50:30 PM",1,"automovil",2916,232.25319461272534,"leftright_topbottom",39.858646887107405
2736,"12/2/2021, 1:50:30 PM",2,"automovil",2916,229.08561677997488,"leftright_topbottom",43.34110926964458
2745,"12/2/2021, 1:50:30 PM",1,"camion_unitario",2918,244.59228189105153,"leftright_topbottom",27.519559608781208
2749,"12/2/2021, 1:50:30 PM",2,"camion_unitario",2918,234.55428967240175,"leftright_topbottom",37.87243637721769
2785,"12/2/2021, 1:50:31 PM","1der","automovil",2924,319.2794635302452,"rightleft_bottomtop",57.2154533575154
2788,"12/2/2021, 1:50:31 PM","2der","automovil",2924,301.87959684702275,"rightleft_bottomtop",38.25002923118368
2808,"12/2/2021, 1:50:31 PM",1,"automovil",2923,220.10090754621223,"leftright_topbottom",52.01093395362051
2810,"12/2/2021, 1:50:31 PM","1der","automovil",2926,326.6893691754392,"rightleft_bottomtop",64.62535900270937
2812,"12/2/2021, 1:50:31 PM",2,"automovil",2923,221.34777721969365,"leftright_topbottom",51.0789488299258
2812,"12/2/2021, 1:50:31 PM","2der","automovil",2926,312.83308531681337,"rightleft_bottomtop",49.203517700974295
2823,"12/2/2021, 1:50:32 PM",1,"camion_unitario",2922,241.8583987677383,"leftright_topbottom",30.25344273209445
2827,"12/2/2021, 1:50:32 PM",2,"camion_unitario",2922,192.77124256490143,"leftright_topbottom",79.65548348471802
2848,"12/2/2021, 1:50:32 PM",1,"automovil",2930,230.82634202955578,"leftright_topbottom",41.28549947027696
2852,"12/2/2021, 1:50:32 PM",2,"automovil",2930,227.12109639666147,"leftright_topbottom",45.305629652958004
2857,"12/2/2021, 1:50:32 PM",1,"automovil",2934,229.84400037508067,"leftright_topbottom",42.26784112475206
2860,"12/2/2021, 1:50:32 PM",2,"automovil",2934,226.6602823689828,"leftright_topbottom",45.76644368063665
2883,"12/2/2021, 1:50:33 PM",1,"automovil",2932,229.39870535499554,"leftright_topbottom",42.71313614483721
2887,"12/2/2021, 1:50:33 PM",2,"automovil",2932,227.20259816176582,"leftright_topbottom",45.224127887853655
2900,"12/2/2021, 1:50:33 PM",1,"camion_unitario",2931,244.13364320590549,"leftright_topbottom",27.978198293927257
2904,"12/2/2021, 1:50:33 PM",2,"camion_unitario",2931,195.1540680503126,"leftright_topbottom",77.27265799930687
2911,"12/2/2021, 1:50:34 PM","1der","automovil",2938,324.17255292012624,"rightleft_bottomtop",62.10854274739642
2913,"12/2/2021, 1:50:34 PM","2der","automovil",2938,312.2445752994972,"rightleft_bottomtop",48.615007683658185
2973,"12/2/2021, 1:50:35 PM",1,"automovil",2941,235.4914770123316,"leftright_topbottom",36.620364487501135
2977,"12/2/2021, 1:50:35 PM",2,"automovil",2941,230.79279649503218,"leftright_topbottom",41.6339295545873
3034,"12/2/2021, 1:50:36 PM",1,"camion_unitario",2944,246.644435140714,"leftright_topbottom",25.467406359118744
3038,"12/2/2021, 1:50:36 PM",2,"camion_unitario",2944,227.33730585912383,"leftright_topbottom",45.08942019049564
3071,"12/2/2021, 1:50:37 PM","1der","camion_articulado_I",2949,345.352624727637,"rightleft_bottomtop",83.28861455490718
3073,"12/2/2021, 1:50:37 PM","2der","camion_articulado_I",2949,339.37646861667474,"rightleft_bottomtop",75.74690100083572
3086,"12/2/2021, 1:50:37 PM",1,"automovil",2948,241.76255446183274,"leftright_topbottom",30.349287037999996
3089,"12/2/2021, 1:50:38 PM",2,"automovil",2948,230.93152692491975,"leftright_topbottom",41.495199124699695
3137,"12/2/2021, 1:50:39 PM",1,"automovil",2953,232.1250163489018,"leftright_topbottom",39.98682515093094
3140,"12/2/2021, 1:50:39 PM",2,"automovil",2953,228.23970029610214,"leftright_topbottom",44.18702575351733
3151,"12/2/2021, 1:50:39 PM",1,"automovil",2954,233.88065915052024,"leftright_topbottom",38.23118234931249
3154,"12/2/2021, 1:50:39 PM",2,"automovil",2954,229.76364169072616,"leftright_topbottom",42.66308435889328
3158,"12/2/2021, 1:50:39 PM","1der","automovil",2957,320.7441583237672,"rightleft_bottomtop",58.68014815103733
3161,"12/2/2021, 1:50:39 PM","2der","automovil",2957,304.62415507994893,"rightleft_bottomtop",40.99458746410989
3171,"12/2/2021, 1:50:39 PM",1,"automovil",2956,241.3895403340348,"leftright_topbottom",30.72230116579795
3174,"12/2/2021, 1:50:39 PM",2,"automovil",2956,238.0552472237966,"leftright_topbottom",34.37147882582286
3203,"12/2/2021, 1:50:40 PM",1,"automovil",2958,237.84770485871766,"leftright_topbottom",34.264136641115066
3206,"12/2/2021, 1:50:40 PM",2,"automovil",2958,230.5529710330368,"leftright_topbottom",41.87375501658266
3228,"12/2/2021, 1:50:41 PM","1der","pickup",2964,314.3704013915897,"rightleft_bottomtop",52.30639121885991
3230,"12/2/2021, 1:50:41 PM","2der","pickup",2964,302.98852161363453,"rightleft_bottomtop",39.35895399779551
3298,"12/2/2021, 1:50:42 PM",1,"automovil",2971,242.4027041313563,"leftright_topbottom",29.709137368476462
3302,"12/2/2021, 1:50:42 PM",2,"camion_unitario",2971,226.54815769897797,"leftright_topbottom",45.87856835064149
3360,"12/2/2021, 1:50:44 PM","1der","automovil",2978,323.3256503304268,"rightleft_bottomtop",61.261640157697
3364,"12/2/2021, 1:50:44 PM","2der","automovil",2978,303.49518467374116,"rightleft_bottomtop",39.86561705790213
3423,"12/2/2021, 1:50:45 PM",1,"automovil",2979,242.4027041313563,"leftright_topbottom",29.709137368476462
3426,"12/2/2021, 1:50:45 PM",2,"automovil",2979,238.62699485989154,"leftright_topbottom",33.799731189727915
3432,"12/2/2021, 1:50:45 PM","1der","camion_unitario",2984,339.290962408351,"rightleft_bottomtop",77.22695223562114
3436,"12/2/2021, 1:50:45 PM","2der","camion_unitario",2984,299.8590161649231,"rightleft_bottomtop",36.22944854908403
3446,"12/2/2021, 1:50:46 PM","1der","automovil",2986,316.2018330644521,"rightleft_bottomtop",54.137822891722294
3450,"12/2/2021, 1:50:46 PM","2der","automovil",2986,300.11373315098245,"rightleft_bottomtop",36.484165535143376
3479,"12/2/2021, 1:50:46 PM","1der","pickup",2989,325.00797980144137,"rightleft_bottomtop",62.943969628711514
3483,"12/2/2021, 1:50:46 PM","2der","pickup",2989,301.2392148882088,"rightleft_bottomtop",37.60964727236971
3526,"12/2/2021, 1:50:47 PM","1der","automovil",2998,329.0000947159323,"rightleft_bottomtop",66.93608454320244
3528,"12/2/2021, 1:50:47 PM","2der","automovil",2998,315.2546462322729,"rightleft_bottomtop",51.625078616433804
3529,"12/2/2021, 1:50:47 PM",1,"automovil",2995,233.61564818416412,"leftright_topbottom",38.49619331566863
3532,"12/2/2021, 1:50:48 PM",2,"automovil",2995,230.50547785797835,"leftright_topbottom",41.92124819164112
3533,"12/2/2021, 1:50:48 PM",1,"automovil",2992,242.85031830221683,"leftright_topbottom",29.261523197615908
3537,"12/2/2021, 1:50:48 PM",1,"automovil",2993,227.64254529406472,"leftright_topbottom",44.46929620576801
3538,"12/2/2021, 1:50:48 PM",2,"automovil",2992,231.34019174590992,"leftright_topbottom",41.08653430370955
3539,"12/2/2021, 1:50:48 PM",2,"automovil",2993,226.97493401088198,"leftright_topbottom",45.45179203873748
3542,"12/2/2021, 1:50:48 PM",1,"automovil",2996,234.60520415501296,"leftright_topbottom",37.506637344819794
3545,"12/2/2021, 1:50:48 PM",2,"automovil",2996,232.69605172201656,"leftright_topbottom",39.730674327602884
3578,"12/2/2021, 1:50:49 PM",1,"camion_articulado_I",2997,239.88626684901757,"leftright_topbottom",32.225574650815176
3582,"12/2/2021, 1:50:49 PM",2,"camion_articulado_I",2997,197.35402463626133,"leftright_topbottom",75.07270141335813
3610,"12/2/2021, 1:50:49 PM","1der","pickup",3006,325.1590559958468,"rightleft_bottomtop",63.09504582311698
3614,"12/2/2021, 1:50:49 PM","2der","pickup",3006,301.723602957684,"rightleft_bottomtop",38.09403534184498
3648,"12/2/2021, 1:50:50 PM","1der","automovil",3010,327.50929944313214,"rightleft_bottomtop",65.44528927040228
3650,"12/2/2021, 1:50:50 PM","2der","automovil",3010,314.63506366426935,"rightleft_bottomtop",51.0054960484303
3659,"12/2/2021, 1:50:50 PM",1,"camion_articulado_I",3004,242.35402463626133,"leftright_topbottom",29.757816863571417
3667,"12/2/2021, 1:50:51 PM",1,"camion_articulado_I",3008,230.96448710125313,"leftright_topbottom",41.14735439857962
3670,"12/2/2021, 1:50:51 PM",2,"camion_articulado_I",3008,213.23171106797935,"leftright_topbottom",59.1950149816401
3680,"12/2/2021, 1:50:51 PM",1,"camion_articulado_I",3016,230.63068275763527,"leftright_topbottom",41.48115874219747
3682,"12/2/2021, 1:50:51 PM",2,"camion_articulado_I",3016,189.01932243138168,"leftright_topbottom",83.40740361823777
3693,"12/2/2021, 1:50:51 PM","1der","camion_unitario",3019,323.13010235415595,"rightleft_bottomtop",61.06609218142615
3697,"12/2/2021, 1:50:51 PM","2der","camion_unitario",3019,301.26373169437744,"rightleft_bottomtop",37.63416407853837
3698,"12/2/2021, 1:50:51 PM",1,"camion_articulado_I",3015,240.10109816138544,"leftright_topbottom",32.01074333844729
3701,"12/2/2021, 1:50:51 PM",2,"camion_articulado_I",3015,188.29714496983686,"leftright_topbottom",84.12958107978258
3720,"12/2/2021, 1:50:52 PM",1,"automovil",3017,244.05770451012833,"leftright_topbottom",28.05413698970441
3724,"12/2/2021, 1:50:52 PM",2,"automovil",3017,236.97613244420336,"leftright_topbottom",35.4505936054161
3755,"12/2/2021, 1:50:53 PM","1der","motocicleta",3024,308.76551990445876,"rightleft_bottomtop",46.70150973172894
3759,"12/2/2021, 1:50:53 PM",1,"camion_articulado_I",3020,237.26477372789242,"leftright_topbottom",34.847067771940345
3761,"12/2/2021, 1:50:53 PM","2der","motocicleta",3024,297.89727103094765,"rightleft_bottomtop",34.26770341510857
3764,"12/2/2021, 1:50:53 PM",2,"camion_articulado_I",3020,194.995079129176,"leftright_topbottom",77.43164692044348
3785,"12/2/2021, 1:50:53 PM",1,"camion_articulado_I",3023,235.30484646876604,"leftright_topbottom",36.806995031066705
3788,"12/2/2021, 1:50:53 PM",2,"camion_articulado_I",3023,184.6000956662633,"leftright_topbottom",87.82663038335618
3793,"12/2/2021, 1:50:53 PM","1der","camion_unitario",3034,329.1150546692714,"rightleft_bottomtop",67.05104449654156
3796,"12/2/2021, 1:50:53 PM","2der","camion_unitario",3034,302.5604379811534,"rightleft_bottomtop",38.9308703653144
3805,"12/2/2021, 1:50:54 PM",1,"automovil",3027,242.85031830221683,"leftright_topbottom",29.261523197615908
3807,"12/2/2021, 1:50:54 PM",1,"automovil",3031,230.1944289077348,"leftright_topbottom",41.91741259209793
3809,"12/2/2021, 1:50:54 PM",2,"automovil",3027,235.40771131249005,"leftright_topbottom",37.0190147371294
3809,"12/2/2021, 1:50:54 PM",2,"automovil",3031,228.25722194066697,"leftright_topbottom",44.1695041089525
3829,"12/2/2021, 1:50:54 PM",1,"camion_articulado_I",3028,240.12400730831058,"leftright_topbottom",31.98783419152217
3834,"12/2/2021, 1:50:54 PM",1,"camion_articulado_I",3032,238.20108717570557,"leftright_topbottom",33.910754324127154
3836,"12/2/2021, 1:50:54 PM",2,"camion_articulado_I",3028,124.33021719550332,"leftright_topbottom",31.90349114588387
3855,"12/2/2021, 1:50:55 PM",1,"motocicleta",3037,243.434948822922,"leftright_topbottom",28.676892676910732
3859,"12/2/2021, 1:50:55 PM",2,"motocicleta",3037,240.80251395393555,"leftright_topbottom",31.624212095683937
3869,"12/2/2021, 1:50:55 PM","1der","pickup",3039,326.30993247402023,"rightleft_bottomtop",64.24592230129039
3874,"12/2/2021, 1:50:55 PM","2der","pickup",3039,296.565051177078,"rightleft_bottomtop",32.93548356123894
3891,"12/2/2021, 1:50:56 PM",1,"camion_unitario",3036,245.1576108945448,"leftright_topbottom",26.95423060528792
3894,"12/2/2021, 1:50:56 PM",2,"camion_unitario",3036,214.5085229876684,"leftright_topbottom",57.91820306195107
3914,"12/2/2021, 1:50:56 PM","1der","automovil",3042,319.2678933002908,"rightleft_bottomtop",57.203883127560985
3919,"12/2/2021, 1:50:56 PM","2der","automovil",3042,301.37300514010843,"rightleft_bottomtop",37.7434375242694
3983,"12/2/2021, 1:50:58 PM",1,"automovil",3046,232.25319461272534,"leftright_topbottom",39.858646887107405
3986,"12/2/2021, 1:50:58 PM",2,"automovil",3046,231.23448009554124,"leftright_topbottom",41.19224595407823
3998,"12/2/2021, 1:50:58 PM",1,"automovil",3047,234.90418321297386,"leftright_topbottom",37.20765828685886
4000,"12/2/2021, 1:50:58 PM","1der","pickup",3052,325.2221686336361,"rightleft_bottomtop",63.1581584609063
4001,"12/2/2021, 1:50:58 PM",2,"automovil",3047,232.32640666016954,"leftright_topbottom",40.100319389449915
4006,"12/2/2021, 1:50:58 PM","2der","pickup",3052,300.06858282186244,"rightleft_bottomtop",36.4390152060234
4010,"12/2/2021, 1:50:58 PM",1,"van",3049,244.98310652189997,"leftright_topbottom",27.12873497793276
4014,"12/2/2021, 1:50:58 PM",2,"van",3049,223.2285302599659,"leftright_topbottom",49.19819578965354
4027,"12/2/2021, 1:50:59 PM","1der","pickup",3056,323.6156481841641,"rightleft_bottomtop",61.55163801143429
4031,"12/2/2021, 1:50:59 PM","2der","pickup",3056,299.9536081678015,"rightleft_bottomtop",36.32404055196244
4063,"12/2/2021, 1:50:59 PM",1,"automovil",3060,230.7743259026633,"leftright_topbottom",41.337515597169464
4065,"12/2/2021, 1:50:59 PM",2,"automovil",3060,227.41950921665634,"leftright_topbottom",45.007216832963124
4067,"12/2/2021, 1:51:00 PM",1,"automovil",3059,243.92464441605125,"leftright_topbottom",28.187197083781502
4070,"12/2/2021, 1:51:00 PM",2,"automovil",3059,240.03781590358227,"leftright_topbottom",32.388910146037205
